dataset,filename,url,md5,size_bytes
GSE13507_eset,GSE13507_eset.rda,https://zenodo.org/records/23192472/files/GSE13507_eset.rda?download=1,9df8c8a2c77600fb3346d7a9d6b34b20,6289556
GSE1827_eset,GSE1827_eset.rda,https://zenodo.org/records/23192472/files/GSE1827_eset.rda?download=1,3a195c532c1067c1204fd963583d4b2c,3157656
GSE19915.GPL3883_eset,GSE19915.GPL3883_eset.rda,https://zenodo.org/records/23192472/files/GSE19915.GPL3883_eset.rda?download=1,6d433ad595361f1a893d0f3e07a0f4c3,5705184
GSE19915.GPL5186_eset,GSE19915.GPL5186_eset.rda,https://zenodo.org/records/23192472/files/GSE19915.GPL5186_eset.rda?download=1,d78aa0d949148cd5a30868453896d058,7141496
GSE31189_eset,GSE31189_eset.rda,https://zenodo.org/records/23192472/files/GSE31189_eset.rda?download=1,feb209ae4826e1691b7c4d39048b9635,8670296
GSE31684_eset,GSE31684_eset.rda,https://zenodo.org/records/23192472/files/GSE31684_eset.rda?download=1,3deda3de9e45b169271f472d8c2c2e62,7548196
GSE32894_eset,GSE32894_eset.rda,https://zenodo.org/records/23192472/files/GSE32894_eset.rda?download=1,43100e65e99bf474f00cb018500df411,14435224
GSE37317_eset,GSE37317_eset.rda,https://zenodo.org/records/23192472/files/GSE37317_eset.rda?download=1,b0dd231adb053574f487f832e38ad5f5,1791700
GSE5287_eset,GSE5287_eset.rda,https://zenodo.org/records/23192472/files/GSE5287_eset.rda?download=1,93666b747360690461639477e535ef70,2803624
GSE89_eset,GSE89_eset.rda,https://zenodo.org/records/23192472/files/GSE89_eset.rda?download=1,93e550b942226b5958f7dad7abefcaa1,1542464
PMID17099711.GPL8300_eset,PMID17099711.GPL8300_eset.rda,https://zenodo.org/records/23192472/files/PMID17099711.GPL8300_eset.rda?download=1,acd04f2130e55e221919f6491bf60e7b,1923304
PMID17099711.GPL91_eset,PMID17099711.GPL91_eset.rda,https://zenodo.org/records/23192472/files/PMID17099711.GPL91_eset.rda?download=1,8c88b6bf8f2834efa022e5b3d7fd026a,1994320
